Cynthia Adams,cynthia adams@gmail.com
Michael Wilson,michael wilson@gmail.com
Deborah Davis,deborah davis@yahoo.com
Elizabeth Brown,elizabeth brown@example.com
Betty Turner,betty turner@hotmail.com
Steven Smith,steven smith@gmail.com
Henry Young,henry young@yahoo.com
Joseph Clark,joseph clark@yahoo.com
Donald Lewis,donald lewis@example.com
David Davis,david davis@gmail.com
Thomas Young,thomas young@yahoo.com
Lisa Young,lisa young@example.com
Steven Smith,steven smith@hotmail.com
Richard White,richard white@example.com
Edward Wilson,edward wilson@example.com
Maria Hall,maria hall@hotmail.com
Joseph Wright,joseph wright@hotmail.com
Kevin Turner,kevin turner@example.com
Thomas Young,thomas young@example.com
Mark Mitchell,mark mitchell@gmail.com
Cynthia Adams,cynthia adams@yahoo.com
Mark Mitchell,mark mitchell@hotmail.com
Donna Davis,donna davis@gmail.com
Sarah Robinson,sarah robinson@hotmail.com
Jeffrey Brown,jeffrey brown@example.com
Gary Jackson,gary jackson@gmail.com
Edward Wilson,edward wilson@hotmail.com
Susan Harris,susan harris@gmail.com
Dorothy Taylor,dorothy taylor@yahoo.com
James Martin,james martin@yahoo.com
Frank White,frank white@yahoo.com
Alice Williams,alice williams@gmail.com
John Doe,john doe@gmail.com
Edward Taylor,edward taylor@example.com
Jennifer Lopez,jennifer lopez@yahoo.com
Kenneth Adams,kenneth adams@example.com
Kevin Turner,kevin turner@hotmail.com
Daniel Lee,daniel lee@gmail.com
Nancy Wilson,nancy wilson@hotmail.com
Steven Smith,steven smith@hotmail.com
Daniel Lee,daniel lee@hotmail.com
Jane Smith,jane smith@example.com
Robert Miller,robert miller@hotmail.com
Helen Lee,helen lee@example.com
William Moore,william moore@gmail.com
Susan Wright,susan wright@example.com
George King,george king@example.com
Maria Hall,maria hall@yahoo.com
Karen Jackson,karen jackson@hotmail.com
Margaret Martinez,margaret martinez@example.com
Emily Davis,emily davis@example.com
Carol Clark,carol clark@example.com
Thomas Clark,thomas clark@hotmail.com
Donna Lewis,donna lewis@yahoo.com
George King,george king@hotmail.com
Frank White,frank white@hotmail.com
Steven Smith,steven smith@gmail.com
Laura Hall,laura hall@gmail.com
Lisa Harris,lisa harris@example.com
Bob Johnson,bob johnson@example.com
Christopher Harris,christopher harris@gmail.com
William Lee,william lee@example.com
Bob Johnson,bob johnson@example.com
James Martin,james martin@example.com
Mark Mitchell,mark mitchell@hotmail.com
Cynthia Garcia,cynthia garcia@gmail.com
Edward Taylor,edward taylor@example.com
Helen Lee,helen lee@gmail.com
Susan Wright,susan wright@hotmail.com
Mark Mitchell,mark mitchell@hotmail.com
Paul King,paul king@example.com
James Martin,james martin@gmail.com
Michael Wilson,michael wilson@hotmail.com
Betty Turner,betty turner@gmail.com
Brian Adams,brian adams@example.com
Emily Davis,emily davis@hotmail.com
Donna Davis,donna davis@gmail.com
Bob Johnson,bob johnson@hotmail.com
Laura Davis,laura davis@example.com
Richard White,richard white@example.com
Emily Davis,emily davis@hotmail.com
Christopher Harris,christopher harris@yahoo.com
Donna Turner,donna turner@yahoo.com
Frank White,frank white@hotmail.com
Steven Smith,steven smith@gmail.com
Scott Johnson,scott johnson@example.com
Nancy Turner,nancy turner@gmail.com
Nancy Wilson,nancy wilson@gmail.com
Larry Hernandez,larry hernandez@example.com
Thomas Martin,thomas martin@gmail.com
Donald Lewis,donald lewis@gmail.com
Paul King,paul king@example.com
Linda Anderson,linda anderson@example.com
Laura Hall,laura hall@gmail.com
Kevin Adams,kevin adams@gmail.com
Margaret Jackson,margaret jackson@example.com
Kevin Turner,kevin turner@gmail.com
James Johnson,james johnson@example.com
Margaret Jackson,margaret jackson@example.com
Lisa Harris,lisa harris@hotmail.com
